product,review
Laptop,"This laptop has exceeded my expectations. The performance is outstanding, allowing me to run multiple applications simultaneously without any lag. The battery life is also impressive, lasting for over 8 hours on a single charge."
Smartphone,"I am extremely satisfied with this smartphone. The camera takes stunning photos and videos, even in low light conditions. The processor is incredibly fast, making multitasking a breeze."
Headphones,"These headphones are simply amazing. The sound quality is exceptional, delivering rich and clear audio across all frequencies. The headphones are also incredibly comfortable to wear, even for extended periods."
Tablet,"This tablet is perfect for on-the-go entertainment and productivity. The screen is large and vibrant, making it ideal for watching videos and reading ebooks."
Smartwatch,"This smartwatch is a great companion for fitness tracking and staying connected. The watch accurately tracks my steps, heart rate, and sleep patterns."
Coffee Maker,"This coffee maker is a lifesaver in the mornings. It brews delicious coffee quickly and easily. The programmable timer is a great feature."
Blender,"This blender is a powerhouse in the kitchen. It effortlessly blends fruits, vegetables, and ice into smooth and creamy smoothies."
Vacuum Cleaner,"This vacuum cleaner is a game-changer for household cleaning. It effectively removes dirt, dust, and pet hair from all types of floors."
Television,"This television offers a stunning viewing experience. The picture quality is exceptional, with vibrant colors and sharp details."
Gaming Console,"This gaming console provides endless hours of fun and entertainment for the whole family. The graphics are stunning, and the gameplay is smooth and responsive."
Laptop,"I've been using this laptop for work and personal use for the past six months, and I must say, it's been a fantastic experience. The processing power is more than enough for my daily tasks."
Smartphone,"This smartphone has completely transformed the way I communicate and stay connected. The camera is exceptional, capturing stunning photos and videos in various lighting conditions."
Headphones,"As an avid music lover, I'm always on the lookout for high-quality headphones that can deliver an immersive listening experience. These headphones have exceeded my expectations in every way."
Tablet,"This tablet has become my go-to device for entertainment and productivity on the go. The screen is large and vibrant, making it perfect for watching movies, reading ebooks, and browsing the web."
Smartwatch,"This smartwatch has been a game-changer for my fitness journey. The watch accurately tracks my steps, heart rate, and sleep patterns, providing valuable insights into my overall health and well-being."
Coffee Maker,"I'm a coffee addict, and this coffee maker has become an essential part of my morning routine. It brews delicious coffee quickly and easily."
Blender,"This blender has become my go-to appliance for making smoothies and other blended creations. It effortlessly blends fruits, vegetables, and ice into smooth and creamy concoctions."
Vacuum Cleaner,"This vacuum cleaner has made household cleaning a breeze. It effectively removes dirt, dust, and pet hair from all types of floors, leaving my home looking spotless."
Television,"This television has transformed my home entertainment experience. The picture quality is exceptional, with vibrant colors, sharp details, and deep blacks."
Gaming Console,"This gaming console has provided endless hours of fun and entertainment for the whole family. The graphics are stunning, and the gameplay is smooth and responsive."
Laptop,"I recently purchased this laptop for my college studies, and it has been a game-changer. The performance is excellent, allowing me to run demanding software and applications without any lag."
Smartphone,"This smartphone has become an indispensable part of my daily life. The camera takes stunning photos and videos, even in low light conditions."
Headphones,"As a music producer, I rely on high-quality headphones to accurately monitor my mixes. These headphones have exceeded my expectations in every way."
Tablet,"This tablet has become my go-to device for reading ebooks and watching movies on the go. The screen is large and vibrant, making it perfect for consuming media."
Smartwatch,"This smartwatch has been a great motivator for me to stay active and healthy. The watch accurately tracks my steps, heart rate, and sleep patterns."
Coffee Maker,"I'm a coffee snob, and this coffee maker has impressed me with its ability to brew consistently delicious coffee."
Blender,"This blender has become my secret weapon for making healthy and delicious smoothies. It effortlessly blends fruits, vegetables, and ice into smooth and creamy concoctions."
Vacuum Cleaner,"This vacuum cleaner has made cleaning my home a much more enjoyable experience. It effectively removes dirt, dust, and pet hair from all types of floors."
Television,"This television has transformed my living room into a home theater. The picture quality is exceptional, with vibrant colors, sharp details, and deep blacks."
Gaming Console,"This gaming console has provided countless hours of fun and entertainment for me and my friends. The graphics are stunning, and the gameplay is smooth and responsive."
Laptop,"I've been using this laptop for both work and personal projects, and it has consistently delivered exceptional performance. The processing power is impressive."
Smartphone,"This smartphone has exceeded all my expectations. The camera is phenomenal, capturing stunning photos and videos with incredible detail and clarity."
Headphones,"As a professional musician, I rely on high-quality headphones to accurately monitor my recordings and performances. These headphones have proven to be an invaluable tool in my workflow."
Tablet,"This tablet has become my go-to device for entertainment and productivity on the go. The screen is large and vibrant, making it perfect for watching movies, reading ebooks, and browsing the web."
Smartwatch,"This smartwatch has been a game-changer for my fitness routine. The watch accurately tracks my steps, heart rate, and sleep patterns."
Coffee Maker,"I'm a self-proclaimed coffee connoisseur, and this coffee maker has consistently impressed me with its ability to brew rich and flavorful coffee."
Blender,"This blender has become an indispensable appliance in my kitchen. It effortlessly blends fruits, vegetables, and ice into smooth and creamy smoothies, soups, and sauces."
Vacuum Cleaner,"This vacuum cleaner has made cleaning my home a much more efficient and enjoyable task. It effectively removes dirt, dust, and pet hair from all types of floors."
Television,"This television has transformed my living room into a cinematic oasis. The picture quality is stunning, with vibrant colors, sharp details, and deep blacks."
Gaming Console,"This gaming console has provided countless hours of fun and entertainment for me and my family. The graphics are stunning, and the gameplay is smooth and responsive."
Laptop,"I've been using this laptop for both work and personal use for the past year, and it has consistently exceeded my expectations. The performance is outstanding."
Smartphone,"This smartphone has completely transformed the way I communicate and stay connected. The camera is exceptional, capturing stunning photos and videos in various lighting conditions."
Headphones,"As an avid music lover, I'm always on the lookout for high-quality headphones that can deliver an immersive listening experience. These headphones have exceeded my expectations in every way."
Tablet,"This tablet has become my go-to device for entertainment and productivity on the go. The screen is large and vibrant, making it perfect for watching movies, reading ebooks, and browsing the web."
Smartwatch,"This smartwatch has been a game-changer for my fitness journey. The watch accurately tracks my steps, heart rate, and sleep patterns."
Coffee Maker,"I'm a coffee addict, and this coffee maker has become an essential part of my morning routine. It brews delicious coffee quickly and easily."
Blender,"This blender has become my go-to appliance for making smoothies and other blended creations. It effortlessly blends fruits, vegetables, and ice into smooth and creamy concoctions."
Vacuum Cleaner,"This vacuum cleaner has made household cleaning a breeze. It effectively removes dirt, dust, and pet hair from all types of floors, leaving my home looking spotless."
Television,"This television has transformed my home entertainment experience. The picture quality is exceptional, with vibrant colors, sharp details, and deep blacks."
Gaming Console,"This gaming console has provided endless hours of fun and entertainment for the whole family. The graphics are stunning, and the gameplay is smooth and responsive."
Laptop,"I recently purchased this laptop for my college studies, and it has been a game-changer. The performance is excellent, allowing me to run demanding software and applications without any lag."
Smartphone,"This smartphone has become an indispensable part of my daily life. The camera takes stunning photos and videos, even in low light conditions."
Headphones,"As a music producer, I rely on high-quality headphones to accurately monitor my mixes. These headphones have exceeded my expectations in every way."
Tablet,"This tablet has become my go-to device for reading ebooks and watching movies on the go. The screen is large and vibrant, making it perfect for consuming media."
Smartwatch,"This smartwatch has been a great motivator for me to stay active and healthy. The watch accurately tracks my steps, heart rate, and sleep patterns."
Coffee Maker,"I'm a coffee snob, and this coffee maker has impressed me with its ability to brew consistently delicious coffee."
Blender,"This blender has become my secret weapon for making healthy and delicious smoothies. It effortlessly blends fruits, vegetables, and ice into smooth and creamy concoctions."
Vacuum Cleaner,"This vacuum cleaner has made cleaning my home a much more enjoyable experience. It effectively removes dirt, dust, and pet hair from all types of floors."
Television,"This television has transformed my living room into a home theater. The picture quality is exceptional, with vibrant colors, sharp details, and deep blacks."
Gaming Console,"This gaming console has provided countless hours of fun and entertainment for me and my friends. The graphics are stunning, and the gameplay is smooth and responsive."
Laptop,"I've been using this laptop for both work and personal projects, and it has consistently delivered exceptional performance. The processing power is impressive."
Smartphone,"This smartphone has exceeded all my expectations. The camera is phenomenal, capturing stunning photos and videos with incredible detail and clarity."
Headphones,"As a professional musician, I rely on high-quality headphones to accurately monitor my recordings and performances. These headphones have proven to be an invaluable tool in my workflow."
Tablet,"This tablet has become my go-to device for entertainment and productivity on the go. The screen is large and vibrant, making it perfect for watching movies, reading ebooks, and browsing the web."
Smartwatch,"This smartwatch has been a game-changer for my fitness routine. The watch accurately tracks my steps, heart rate, and sleep patterns."
Coffee Maker,"I'm a self-proclaimed coffee connoisseur, and this coffee maker has consistently impressed me with its ability to brew rich and flavorful coffee."
Blender,"This blender has become an indispensable appliance in my kitchen. It effortlessly blends fruits, vegetables, and ice into smooth and creamy smoothies, soups, and sauces."
Vacuum Cleaner,"This vacuum cleaner has made cleaning my home a much more efficient and enjoyable task. It effectively removes dirt, dust, and pet hair from all types of floors."
Television,"This television has transformed my living room into a cinematic oasis. The picture quality is stunning, with vibrant colors, sharp details, and deep blacks."
Gaming Console,"This gaming console has provided countless hours of fun and entertainment for me and my family. The graphics are stunning, and the gameplay is smooth and responsive."
Laptop,"I've been using this laptop for both work and personal use for the past year, and it has consistently exceeded my expectations. The performance is outstanding."
Smartphone,"This smartphone has completely transformed the way I communicate and stay connected. The camera is exceptional, capturing stunning photos and videos in various lighting conditions."
Headphones,"As an avid music lover, I'm always on the lookout for high-quality headphones that can deliver an immersive listening experience. These headphones have exceeded my expectations in every way."
Tablet,"This tablet has become my go-to device for entertainment and productivity on the go. The screen is large and vibrant, making it perfect for watching movies, reading ebooks, and browsing the web."
Smartwatch,"This smartwatch has been a game-changer for my fitness journey. The watch accurately tracks my steps, heart rate, and sleep patterns."
Coffee Maker,"I'm a coffee addict, and this coffee maker has become an essential part of my morning routine. It brews delicious coffee quickly and easily."
Blender,"This blender has become my go-to appliance for making smoothies and other blended creations. It effortlessly blends fruits, vegetables, and ice into smooth and creamy concoctions."
Vacuum Cleaner,"This vacuum cleaner has made household cleaning a breeze. It effectively removes dirt, dust, and pet hair from all types of floors, leaving my home looking spotless."
Television,"This television has transformed my home entertainment experience. The picture quality is exceptional, with vibrant colors, sharp details, and deep blacks."
Gaming Console,"This gaming console has provided endless hours of fun and entertainment for the whole family. The graphics are stunning, and the gameplay is smooth and responsive."
Laptop,"I recently purchased this laptop for my college studies, and it has been a game-changer. The performance is excellent, allowing me to run demanding software and applications without any lag."
Smartphone,"This smartphone has become an indispensable part of my daily life. The camera takes stunning photos and videos, even in low light conditions."
Headphones,"As a music producer, I rely on high-quality headphones to accurately monitor my mixes. These headphones have exceeded my expectations in every way."
Tablet,"This tablet has become my go-to device for reading ebooks and watching movies on the go. The screen is large and vibrant, making it perfect for consuming media."
Smartwatch,"This smartwatch has been a great motivator for me to stay active and healthy. The watch accurately tracks my steps, heart rate, and sleep patterns."
Coffee Maker,"I'm a coffee snob, and this coffee maker has impressed me with its ability to brew consistently delicious coffee."
Blender,"This blender has become my secret weapon for making healthy and delicious smoothies. It effortlessly blends fruits, vegetables, and ice into smooth and creamy concoctions."
Vacuum Cleaner,"This vacuum cleaner has made cleaning my home a much more enjoyable experience. It effectively removes dirt, dust, and pet hair from all types of floors."
Television,"This television has transformed my living room into a home theater. The picture quality is exceptional, with vibrant colors, sharp details, and deep blacks."
Gaming Console,"This gaming console has provided countless hours of fun and entertainment for me and my friends. The graphics are stunning, and the gameplay is smooth and responsive."
Laptop,"I've been using this laptop for both work and personal projects, and it has consistently delivered exceptional performance. The processing power is impressive."
Smartphone,"This smartphone has exceeded all my expectations. The camera is phenomenal, capturing stunning photos and videos with incredible detail and clarity."
Headphones,"As a professional musician, I rely on high-quality headphones to accurately monitor my recordings and performances. These headphones have proven to be an invaluable tool in my workflow."
Tablet,"This tablet has become my go-to device for entertainment and productivity on the go. The screen is large and vibrant, making it perfect for watching movies, reading ebooks, and browsing the web."
Smartwatch,"This smartwatch has been a game-changer for my fitness routine. The watch accurately tracks my steps, heart rate, and sleep patterns."
Coffee Maker,"I'm a self-proclaimed coffee connoisseur, and this coffee maker has consistently impressed me with its ability to brew rich and flavorful coffee."
Blender,"This blender has become an indispensable appliance in my kitchen. It effortlessly blends fruits, vegetables, and ice into smooth and creamy smoothies, soups, and sauces."
Vacuum Cleaner,"This vacuum cleaner has made cleaning my home a much more efficient and enjoyable task. It effectively removes dirt, dust, and pet hair from all types of floors."
Television,"This television has transformed my living room into a cinematic oasis. The picture quality is stunning, with vibrant colors, sharp details, and deep blacks."
Gaming Console,"This gaming console has provided countless hours of fun and entertainment for me and my family. The graphics are stunning, and the gameplay is smooth and responsive."
